{"state":"SUCCEEDED","progress":100,"result":{"records":[{"timestamp":"2025-11-14T05:26:57.946000000Z","content":"/*dt:ownQuery*/SELECT\n    GROUP_NUMBER,\n    NAME,\n    STATE,\n    TOTAL_MB,\n    FREE_MB,\n    100 - (FREE_MB * 100 / TOTAL_MB) AS USED_PCT\nFROM\n    V$ASM_DISKGROUP_STAT\n","loglevel":"INFO","dt.entity.sql:com_dynatrace_extension_sql-oracle_database":"CUSTOM_DEVICE-7A1DD8CDEC328DC3","parse_calls":"43","status":"INFO","schema":"SYSTEM","instance.name":"xe","event.group":"query_performance","cpu_time":"379604","concurrency_wait_time":"0","sql_id":"0zhwfdk7juss1","dt.openpipeline.pipelines":["logs:default"],"direct_writes":"0","device.address":"192.168.1.64","elapsed_time":"86229828","device":"DESKTOP-HMNFIR0:1521/xepdb1","executions":"43","dt.extension.name":"com.dynatrace.extension.sql-oracle","container.name":"XEPDB1","device.name":"DESKTOP-HMNFIR0","application_wait_time":"0","disk_reads":"0","rows_processed":"0","buffer_gets":"199","dt.source_entity":["CUSTOM_DEVICE-7A1DD8CDEC328DC3","CUSTOM_DEVICE-103D3EFF1ED29DB4"],"dt.openpipeline.source":"extension:com.dynatrace.extension.sql-oracle","user_io_wait_time":"0","database.type":"SINGLE","cluster_wait_time":"0","dt.entity.sql:com_dynatrace_extension_sql-oracle_instance":"CUSTOM_DEVICE-103D3EFF1ED29DB4","dt.extension.endpoint.hints":["xepdb1","DESKTOP-HMNFIR0","1521"],"device.port":"1521","dt.extension.config.id":"453cfba6-f38a-3ce9-8215-2fbb51584e72","endpoint":"DESKTOP-HMNFIR0:1521/xepdb1","event.type":"LOG"},{"timestamp":"2025-11-14T05:26:57.946000000Z","content":"/*dt:ownQuery*/SELECT\n    NAME,\n    STATE,\n    GROUP_NUMBER,\n    FREE_MB,\n    TOTAL_MB,\n    100 - (FREE_MB * 100 / TOTAL_MB) AS USED_PCT,\n    READS,\n    WRITES\nFROM\n    V$ASM_DISK_STAT\n","loglevel":"INFO","dt.entity.sql:com_dynatrace_extension_sql-oracle_database":"CUSTOM_DEVICE-7A1DD8CDEC328DC3","parse_calls":"16","status":"INFO","schema":"SYSTEM","instance.name":"xe","event.group":"query_performance","cpu_time":"125079","concurrency_wait_time":"0","sql_id":"3m641up13vh91","dt.openpipeline.pipelines":["logs:default"],"direct_writes":"0","device.address":"192.168.1.64","elapsed_time":"30826347","device":"DESKTOP-HMNFIR0:1521/xepdb1","executions":"16","dt.extension.name":"com.dynatrace.extension.sql-oracle","container.name":"XEPDB1","device.name":"DESKTOP-HMNFIR0","application_wait_time":"0","disk_reads":"0","rows_processed":"0","buffer_gets":"334","dt.source_entity":["CUSTOM_DEVICE-7A1DD8CDEC328DC3","CUSTOM_DEVICE-103D3EFF1ED29DB4"],"dt.openpipeline.source":"extension:com.dynatrace.extension.sql-oracle","user_io_wait_time":"0","database.type":"SINGLE","cluster_wait_time":"0","dt.entity.sql:com_dynatrace_extension_sql-oracle_instance":"CUSTOM_DEVICE-103D3EFF1ED29DB4","dt.extension.endpoint.hints":["xepdb1","DESKTOP-HMNFIR0","1521"],"device.port":"1521","dt.extension.config.id":"453cfba6-f38a-3ce9-8215-2fbb51584e72","endpoint":"DESKTOP-HMNFIR0:1521/xepdb1","event.type":"LOG"},{"timestamp":"2025-11-14T05:26:57.946000000Z","content":"/*dt:ownQuery*/SELECT DISTINCT\n  *\nFROM (\n  SELECT\n    C.NAME\t   CONTAINER_NAME,\n    C.CON_ID,\n    DF.TS#,\n    TS.NAME    TABLESPACE_NAME,\n    DF.FILE#,\n    DF.NAME    FILE_NAME,\n    'DATAFILE' FILE_TYPE,\n    DF.STATUS,\n    CASE\n      WHEN RF.FILE# IS NOT NULL THEN 'NEEDS RECOVERY'\n      ELSE 'HEALTHY'\n  END AS RECOVERY_STATUS,\n  NVL(RF.ERROR, 'HEALTHY') AS RECOVERY_ERROR,\n  NVL(BC.CORRUPTED_BLOCKS, 0) AS CORRUPTED_BLOCKS\n  FROM\n    V$DATAFILE   DF\n  JOIN\n    V$TABLESPACE TS ON DF.TS#=TS.TS# and DF.CON_ID=TS.CON_ID\n  LEFT JOIN \n    V$CONTAINERS C ON DF.CON_ID=C.CON_ID\n  LEFT JOIN\n    V$RECOVER_FILE RF ON RF.FILE#=DF.FILE# and RF.CON_ID=DF.CON_ID\n  LEFT JOIN (\n    SELECT\n        NVL(SUM(BLOCKS),0) as CORRUPTED_BLOCKS,\n        FILE#,\n        CON_ID\n        FROM V$DATABASE_BLOCK_CORRUPTION\n    GROUP BY FILE#, CON_ID\n  ) BC ON BC.FILE#=DF.FILE# AND BC.CON_ID=DF.CON_ID\n  UNION ALL\n  SELECT\n    C.NAME\t   CONTAINER_NAME,\n    C.CON_ID,\n    TF.TS#,\n    TS.NAME    TABLESPACE_NAME,\n    TF.FILE#,\n    TF.NAME    FILE_NAME,\n    'TEMPFILE' FILE_TYPE,\n    TF.STATUS,\n    CASE\n      WHEN RF.FILE# IS NOT NULL THEN 'NEEDS RECOVERY'\n      ELSE 'HEALTHY'\n  END AS RECOVERY_STATUS,\n  NVL(RF.ERROR, 'HEALTHY') AS RECOVERY_ERROR,\n  NVL(BC.CORRUPTED_BLOCKS, 0) AS CORRUPTED_BLOCKS\n  FROM\n    V$TEMPFILE   TF\n  JOIN\n    V$TABLESPACE TS ON TF.TS#=TS.TS# and TF.CON_ID=TS.CON_ID\n  LEFT JOIN\n    V$CONTAINERS C ON TF.CON_ID=C.CON_ID\n  LEFT JOIN\n    V$RECOVER_FILE RF ON RF.FILE#=TF.FILE# and RF.CON_ID=TF.CON_ID\n  LEFT JOIN (\n    SELECT\n        NVL(SUM(BLOCKS),0) as CORRUPTED_BLOCKS,\n        FILE#,\n        CON_ID\n        FROM V$DATABASE_BLOCK_CORRUPTION\n    GROUP BY FILE#, CON_ID\n  ) BC ON BC.FILE#=TF.FILE# AND BC.CON_ID=TF.CON_ID\n) ORDER BY CONTAINER_NAME, FILE_TYPE, TS#, FILE#\n","loglevel":"INFO","dt.entity.sql:com_dynatrace_extension_sql-oracle_database":"CUSTOM_DEVICE-7A1DD8CDEC328DC3","parse_calls":"41","status":"INFO","schema":"SYSTEM","instance.name":"xe","event.group":"query_performance","cpu_time":"584422","concurrency_wait_time":"0","sql_id":"27v4rvzxzda91","dt.openpipeline.pipelines":["logs:default"],"direct_writes":"0","device.address":"192.168.1.64","elapsed_time":"936495","device":"DESKTOP-HMNFIR0:1521/xepdb1","executions":"41","dt.extension.name":"com.dynatrace.extension.sql-oracle","container.name":"XEPDB1","device.name":"DESKTOP-HMNFIR0","application_wait_time":"0","disk_reads":"0","rows_processed":"205","buffer_gets":"879","dt.source_entity":["CUSTOM_DEVICE-7A1DD8CDEC328DC3","CUSTOM_DEVICE-103D3EFF1ED29DB4"],"dt.openpipeline.source":"extension:com.dynatrace.extension.sql-oracle","user_io_wait_time":"0","database.type":"SINGLE","cluster_wait_time":"0","dt.entity.sql:com_dynatrace_extension_sql-oracle_instance":"CUSTOM_DEVICE-103D3EFF1ED29DB4","dt.extension.endpoint.hints":["xepdb1","DESKTOP-HMNFIR0","1521"],"device.port":"1521","dt.extension.config.id":"453cfba6-f38a-3ce9-8215-2fbb51584e72","endpoint":"DESKTOP-HMNFIR0:1521/xepdb1","event.type":"LOG"},{"timestamp":"2025-11-14T05:26:57.946000000Z","content":"/*dt:ownQuery*/SELECT\n      DECODE(metric_name, 'Background CPU Usage Per Sec', gv$metric.value) AS background_cpu_usage,\n      DECODE(metric_name, 'CPU Usage Per Sec', gv$metric.value) AS foreground_cpu_usage,\n      gv$instance.instance_name\nFROM\n      gv$metric JOIN gv$metricgroup\n        ON gv$metric.group_id = gv$metricgroup.group_id AND gv$metric.inst_id = gv$metricgroup.inst_id\n        AND gv$metric.metric_name IN ('Background CPU Usage Per Sec', 'CPU Usage Per Sec')\nJOIN gv$instance\n      ON gv$instance.inst_id = gv$metric.inst_id\n","loglevel":"INFO","dt.entity.sql:com_dynatrace_extension_sql-oracle_database":"CUSTOM_DEVICE-7A1DD8CDEC328DC3","parse_calls":"41","status":"INFO","schema":"SYSTEM","instance.name":"xe","event.group":"query_performance","cpu_time":"705723","concurrency_wait_time":"0","sql_id":"bdbrb3mc7crfj","dt.openpipeline.pipelines":["logs:default"],"direct_writes":"0","device.address":"192.168.1.64","elapsed_time":"919247","device":"DESKTOP-HMNFIR0:1521/xepdb1","executions":"41","dt.extension.name":"com.dynatrace.extension.sql-oracle","container.name":"XEPDB1","device.name":"DESKTOP-HMNFIR0","application_wait_time":"0","disk_reads":"0","rows_processed":"82","buffer_gets":"343","dt.source_entity":["CUSTOM_DEVICE-7A1DD8CDEC328DC3","CUSTOM_DEVICE-103D3EFF1ED29DB4"],"dt.openpipeline.source":"extension:com.dynatrace.extension.sql-oracle","user_io_wait_time":"0","database.type":"SINGLE","cluster_wait_time":"0","dt.entity.sql:com_dynatrace_extension_sql-oracle_instance":"CUSTOM_DEVICE-103D3EFF1ED29DB4","dt.extension.endpoint.hints":["xepdb1","DESKTOP-HMNFIR0","1521"],"device.port":"1521","dt.extension.config.id":"453cfba6-f38a-3ce9-8215-2fbb51584e72","endpoint":"DESKTOP-HMNFIR0:1521/xepdb1","event.type":"LOG"},{"timestamp":"2025-11-14T05:26:57.946000000Z","content":"/*dt:ownQuery*/SELECT\n      DECODE(name, 'physical read total bytes', value) AS bytes_read,\n      DECODE(name, 'physical write total bytes', value) AS bytes_written,\n      gv$instance.instance_name\nFROM gv$sysstat JOIN gv$instance\n    ON gv$sysstat.INST_ID = gv$instance.INST_ID\nWHERE name IN ('physical read total bytes', 'physical write total bytes')\n","loglevel":"INFO","dt.entity.sql:com_dynatrace_extension_sql-oracle_database":"CUSTOM_DEVICE-7A1DD8CDEC328DC3","parse_calls":"41","status":"INFO","schema":"SYSTEM","instance.name":"xe","event.group":"query_performance","cpu_time":"528252","concurrency_wait_time":"0","sql_id":"9fp2z285fjdn7","dt.openpipeline.pipelines":["logs:default"],"direct_writes":"0","device.address":"192.168.1.64","elapsed_time":"651654","device":"DESKTOP-HMNFIR0:1521/xepdb1","executions":"41","dt.extension.name":"com.dynatrace.extension.sql-oracle","container.name":"XEPDB1","device.name":"DESKTOP-HMNFIR0","application_wait_time":"0","disk_reads":"0","rows_processed":"82","buffer_gets":"39","dt.source_entity":["CUSTOM_DEVICE-7A1DD8CDEC328DC3","CUSTOM_DEVICE-103D3EFF1ED29DB4"],"dt.openpipeline.source":"extension:com.dynatrace.extension.sql-oracle","user_io_wait_time":"0","database.type":"SINGLE","cluster_wait_time":"0","dt.entity.sql:com_dynatrace_extension_sql-oracle_instance":"CUSTOM_DEVICE-103D3EFF1ED29DB4","dt.extension.endpoint.hints":["xepdb1","DESKTOP-HMNFIR0","1521"],"device.port":"1521","dt.extension.config.id":"453cfba6-f38a-3ce9-8215-2fbb51584e72","endpoint":"DESKTOP-HMNFIR0:1521/xepdb1","event.type":"LOG"},{"timestamp":"2025-11-14T05:26:57.946000000Z","content":"/*dt:ownQuery*/SELECT\n      DECODE(name, 'pga_aggregate_limit', value) AS pga_aggregate_limit,\n      DECODE(name, 'pga_aggregate_target', value) AS pga_aggregate_target,\n      gv$instance.instance_name\nFROM gv$parameter JOIN gv$instance ON gv$parameter.inst_id = gv$instance.inst_id WHERE name IN ('pga_aggregate_limit', 'pga_aggregate_target')\n","loglevel":"INFO","dt.entity.sql:com_dynatrace_extension_sql-oracle_database":"CUSTOM_DEVICE-7A1DD8CDEC328DC3","parse_calls":"41","status":"INFO","schema":"SYSTEM","instance.name":"xe","event.group":"query_performance","cpu_time":"636765","concurrency_wait_time":"0","sql_id":"ff27pqwda1f6z","dt.openpipeline.pipelines":["logs:default"],"direct_writes":"0","device.address":"192.168.1.64","elapsed_time":"648697","device":"DESKTOP-HMNFIR0:1521/xepdb1","executions":"41","dt.extension.name":"com.dynatrace.extension.sql-oracle","container.name":"XEPDB1","device.name":"DESKTOP-HMNFIR0","application_wait_time":"0","disk_reads":"0","rows_processed":"82","buffer_gets":"44","dt.source_entity":["CUSTOM_DEVICE-7A1DD8CDEC328DC3","CUSTOM_DEVICE-103D3EFF1ED29DB4"],"dt.openpipeline.source":"extension:com.dynatrace.extension.sql-oracle","user_io_wait_time":"0","database.type":"SINGLE","cluster_wait_time":"0","dt.entity.sql:com_dynatrace_extension_sql-oracle_instance":"CUSTOM_DEVICE-103D3EFF1ED29DB4","dt.extension.endpoint.hints":["xepdb1","DESKTOP-HMNFIR0","1521"],"device.port":"1521","dt.extension.config.id":"453cfba6-f38a-3ce9-8215-2fbb51584e72","endpoint":"DESKTOP-HMNFIR0:1521/xepdb1","event.type":"LOG"},{"timestamp":"2025-11-14T05:26:57.946000000Z","content":"/*dt:ownQuery*/SELECT\n  DECODE(S.name, 'user calls', value) AS user_calls,\n  DECODE(S.name, 'enqueue deadlocks', value) AS deadlocks,\n  C.NAME AS CONTAINER_NAME,\n  CASE\n      WHEN C.CON_ID > 0 THEN 'TRUE'\n      ELSE 'FALSE'\n  END AS CONTAINER,\n  I.INSTANCE_NAME\n  FROM GV$con_sysstat S\n  JOIN GV$CONTAINERS C ON C.CON_ID = S.CON_ID AND C.INST_ID = S.INST_ID\n  JOIN GV$INSTANCE I ON I.INST_ID = C.INST_ID\n  WHERE S.NAME in ('user calls', 'enqueue deadlocks')\n","loglevel":"INFO","dt.entity.sql:com_dynatrace_extension_sql-oracle_database":"CUSTOM_DEVICE-7A1DD8CDEC328DC3","parse_calls":"41","status":"INFO","schema":"SYSTEM","instance.name":"xe","event.group":"query_performance","cpu_time":"543321","concurrency_wait_time":"0","sql_id":"0x3cwf08fm1u1","dt.openpipeline.pipelines":["logs:default"],"direct_writes":"0","device.address":"192.168.1.64","elapsed_time":"645228","device":"DESKTOP-HMNFIR0:1521/xepdb1","executions":"41","dt.extension.name":"com.dynatrace.extension.sql-oracle","container.name":"XEPDB1","device.name":"DESKTOP-HMNFIR0","application_wait_time":"0","disk_reads":"0","rows_processed":"82","buffer_gets":"188","dt.source_entity":["CUSTOM_DEVICE-7A1DD8CDEC328DC3","CUSTOM_DEVICE-103D3EFF1ED29DB4"],"dt.openpipeline.source":"extension:com.dynatrace.extension.sql-oracle","user_io_wait_time":"0","database.type":"SINGLE","cluster_wait_time":"0","dt.entity.sql:com_dynatrace_extension_sql-oracle_instance":"CUSTOM_DEVICE-103D3EFF1ED29DB4","dt.extension.endpoint.hints":["xepdb1","DESKTOP-HMNFIR0","1521"],"device.port":"1521","dt.extension.config.id":"453cfba6-f38a-3ce9-8215-2fbb51584e72","endpoint":"DESKTOP-HMNFIR0:1521/xepdb1","event.type":"LOG"},{"timestamp":"2025-11-14T05:26:57.946000000Z","content":"/*dt:ownQuery*/SELECT\n      DECODE(name, 'redo log space wait time', value) * 10 AS redo_log_space_wait_time,\n      DECODE(name, 'redo size', value)                AS redo_size,\n      DECODE(name, 'redo write time', value) * 10     AS redo_write_time,\n      DECODE(name, 'session logical reads', value)    AS session_logical_reads,\n      DECODE(name, 'physical reads', value)           AS physical_reads,\n      DECODE(name, 'physical reads direct', value)    AS physical_reads_direct,\n      DECODE(name, 'sorts (memory)', value)           AS memory_sorts,\n      DECODE(name, 'sorts (disk)', value)             AS disk_sorts,\n      gv$instance.instance_name\nFROM gv$sysstat JOIN gv$instance ON gv$sysstat.inst_id = gv$instance.inst_id WHERE name IN ('redo log space wait time', 'redo size', 'redo write time',\n              'session logical reads', 'physical reads', 'physical reads direct',\n              'sorts (memory)', 'sorts (disk)')\n","loglevel":"INFO","dt.entity.sql:com_dynatrace_extension_sql-oracle_database":"CUSTOM_DEVICE-7A1DD8CDEC328DC3","parse_calls":"41","status":"INFO","schema":"SYSTEM","instance.name":"xe","event.group":"query_performance","cpu_time":"454423","concurrency_wait_time":"0","sql_id":"7qumfb2dzv5mu","dt.openpipeline.pipelines":["logs:default"],"direct_writes":"0","device.address":"192.168.1.64","elapsed_time":"641235","device":"DESKTOP-HMNFIR0:1521/xepdb1","executions":"41","dt.extension.name":"com.dynatrace.extension.sql-oracle","container.name":"XEPDB1","device.name":"DESKTOP-HMNFIR0","application_wait_time":"0","disk_reads":"0","rows_processed":"328","buffer_gets":"185","dt.source_entity":["CUSTOM_DEVICE-7A1DD8CDEC328DC3","CUSTOM_DEVICE-103D3EFF1ED29DB4"],"dt.openpipeline.source":"extension:com.dynatrace.extension.sql-oracle","user_io_wait_time":"0","database.type":"SINGLE","cluster_wait_time":"0","dt.entity.sql:com_dynatrace_extension_sql-oracle_instance":"CUSTOM_DEVICE-103D3EFF1ED29DB4","dt.extension.endpoint.hints":["xepdb1","DESKTOP-HMNFIR0","1521"],"device.port":"1521","dt.extension.config.id":"453cfba6-f38a-3ce9-8215-2fbb51584e72","endpoint":"DESKTOP-HMNFIR0:1521/xepdb1","event.type":"LOG"},{"timestamp":"2025-11-14T05:26:57.946000000Z","content":"/*dt:ownQuery*/SELECT \n    SQL_ID,\n    ELAPSED_TIME,\n    CPU_TIME,\n    SQL_FULLTEXT,\n    PARSING_SCHEMA_NAME,\n    DISK_READS,\n    DIRECT_WRITES,\n    EXECUTIONS,\n    PARSE_CALLS,\n    BUFFER_GETS,\n    ROWS_PROCESSED,\n    USER_IO_WAIT_TIME,\n    CLUSTER_WAIT_TIME,\n    CONCURRENCY_WAIT_TIME,\n    APPLICATION_WAIT_TIME,\n    DATABASE_TYPE,\n    INSTANCE_NAME,\n    CONTAINER_NAME\nFROM (\n    SELECT\n        sql.SQL_ID,\n        sql.ELAPSED_TIME,\n        sql.CPU_TIME,\n        sql.SQL_FULLTEXT,\n        sql.PARSING_SCHEMA_NAME,\n        sql.DISK_READS,\n        sql.DIRECT_WRITES,\n        sql.EXECUTIONS,\n        sql.PARSE_CALLS,\n        sql.BUFFER_GETS,\n        sql.ROWS_PROCESSED,\n        sql.USER_IO_WAIT_TIME,\n        sql.CLUSTER_WAIT_TIME,\n        sql.CONCURRENCY_WAIT_TIME,\n        sql.APPLICATION_WAIT_TIME,\n        inst.DATABASE_TYPE,\n        inst.INSTANCE_NAME,\n        cons.NAME CONTAINER_NAME,\n        ROW_NUMBER() OVER (PARTITION BY sql.CON_ID ORDER BY sql.ELAPSED_TIME DESC) as rn\n    FROM\n        GV$SQLAREA sql\n    JOIN \n        GV$CONTAINERS cons ON sql.CON_ID = cons.CON_ID AND sql.INST_ID = cons.INST_ID\n    JOIN\n        GV$INSTANCE inst ON sql.INST_ID = inst.INST_ID\n    WHERE\n        (sql.LAST_ACTIVE_TIME >= (SYSDATE - NUMTODSINTERVAL(300, 'SECOND')) OR \n        (sql.LAST_ACTIVE_TIME IS NULL AND sql.LAST_LOAD_TIME >= (SYSDATE - NUMTODSINTERVAL(300, 'SECOND'))))\n) WHERE\n    rn <= 100\n","loglevel":"INFO","dt.entity.sql:com_dynatrace_extension_sql-oracle_database":"CUSTOM_DEVICE-7A1DD8CDEC328DC3","parse_calls":"16","status":"INFO","schema":"SYSTEM","instance.name":"xe","event.group":"query_performance","cpu_time":"568828","concurrency_wait_time":"0","sql_id":"8yywn0z89wpmb","dt.openpipeline.pipelines":["logs:default"],"direct_writes":"0","device.address":"192.168.1.64","elapsed_time":"634212","device":"DESKTOP-HMNFIR0:1521/xepdb1","executions":"16","dt.extension.name":"com.dynatrace.extension.sql-oracle","container.name":"XEPDB1","device.name":"DESKTOP-HMNFIR0","application_wait_time":"0","disk_reads":"0","rows_processed":"1431","buffer_gets":"209","dt.source_entity":["CUSTOM_DEVICE-7A1DD8CDEC328DC3","CUSTOM_DEVICE-103D3EFF1ED29DB4"],"dt.openpipeline.source":"extension:com.dynatrace.extension.sql-oracle","user_io_wait_time":"0","database.type":"SINGLE","cluster_wait_time":"0","dt.entity.sql:com_dynatrace_extension_sql-oracle_instance":"CUSTOM_DEVICE-103D3EFF1ED29DB4","dt.extension.endpoint.hints":["xepdb1","DESKTOP-HMNFIR0","1521"],"device.port":"1521","dt.extension.config.id":"453cfba6-f38a-3ce9-8215-2fbb51584e72","endpoint":"DESKTOP-HMNFIR0:1521/xepdb1","event.type":"LOG"},{"timestamp":"2025-11-14T05:26:57.946000000Z","content":"/*dt:ownQuery*/SELECT \n  METRICS.TABLESPACE_NAME,\n  C.NAME,\n  METRICS.USED_PERCENT AS USAGE,\n  TBS.BLOCK_SIZE * METRICS.TABLESPACE_SIZE AS MAX_B,\n  TBS.BLOCK_SIZE * METRICS.USED_SPACE AS USED_B,\n  TBS.CONTENTS AS CONTENT_TYPE,\n  T.BYTES AS ALLOCATED_B,\n  (METRICS.TABLESPACE_SIZE - METRICS.USED_SPACE)*TBS.BLOCK_SIZE AS FREE_B\nFROM \n    (\n      SELECT\n          TABLESPACE_NAME,\n          CON_ID,\n          SUM(BYTES) BYTES\n      FROM\n          CDB_DATA_FILES\n      GROUP BY\n          TABLESPACE_NAME,\n          CON_ID\n      UNION ALL\n      SELECT\n          TABLESPACE_NAME,\n          CON_ID,\n          SUM(BYTES) BYTES\n      FROM\n          CDB_TEMP_FILES\n      GROUP BY\n          TABLESPACE_NAME,\n          CON_ID\n    ) T\n    JOIN CDB_TABLESPACE_USAGE_METRICS METRICS\n        ON T.TABLESPACE_NAME=METRICS.TABLESPACE_NAME AND T.CON_ID=METRICS.CON_ID\n    JOIN CDB_TABLESPACES TBS  \n        ON METRICS.TABLESPACE_NAME=TBS.TABLESPACE_NAME AND METRICS.CON_ID=TBS.CON_ID\n    JOIN V$CONTAINERS C\n        ON METRICS.CON_ID = C.CON_ID\n","loglevel":"INFO","dt.entity.sql:com_dynatrace_extension_sql-oracle_database":"CUSTOM_DEVICE-7A1DD8CDEC328DC3","parse_calls":"15","status":"INFO","schema":"SYSTEM","instance.name":"xe","event.group":"query_performance","cpu_time":"414693","concurrency_wait_time":"0","sql_id":"dpkdxm8zakpmk","dt.openpipeline.pipelines":["logs:default"],"direct_writes":"0","device.address":"192.168.1.64","elapsed_time":"603733","device":"DESKTOP-HMNFIR0:1521/xepdb1","executions":"15","dt.extension.name":"com.dynatrace.extension.sql-oracle","container.name":"XEPDB1","device.name":"DESKTOP-HMNFIR0","application_wait_time":"0","disk_reads":"0","rows_processed":"75","buffer_gets":"1624","dt.source_entity":["CUSTOM_DEVICE-7A1DD8CDEC328DC3","CUSTOM_DEVICE-103D3EFF1ED29DB4"],"dt.openpipeline.source":"extension:com.dynatrace.extension.sql-oracle","user_io_wait_time":"30222","database.type":"SINGLE","cluster_wait_time":"0","dt.entity.sql:com_dynatrace_extension_sql-oracle_instance":"CUSTOM_DEVICE-103D3EFF1ED29DB4","dt.extension.endpoint.hints":["xepdb1","DESKTOP-HMNFIR0","1521"],"device.port":"1521","dt.extension.config.id":"453cfba6-f38a-3ce9-8215-2fbb51584e72","endpoint":"DESKTOP-HMNFIR0:1521/xepdb1","event.type":"LOG"}],"types":[{"indexRange":[0,9],"mappings":{"timestamp":{"type":"timestamp"},"content":{"type":"string"},"loglevel":{"type":"string"},"dt.entity.sql:com_dynatrace_extension_sql-oracle_database":{"type":"string"},"parse_calls":{"type":"string"},"status":{"type":"string"},"schema":{"type":"string"},"instance.name":{"type":"string"},"event.group":{"type":"string"},"cpu_time":{"type":"string"},"concurrency_wait_time":{"type":"string"},"sql_id":{"type":"string"},"dt.openpipeline.pipelines":{"type":"array","types":[{"indexRange":[0,0],"mappings":{"element":{"type":"string"}}}]},"direct_writes":{"type":"string"},"device.address":{"type":"string"},"elapsed_time":{"type":"string"},"device":{"type":"string"},"executions":{"type":"string"},"dt.extension.name":{"type":"string"},"container.name":{"type":"string"},"device.name":{"type":"string"},"application_wait_time":{"type":"string"},"disk_reads":{"type":"string"},"rows_processed":{"type":"string"},"buffer_gets":{"type":"string"},"dt.source_entity":{"type":"array","types":[{"indexRange":[0,1],"mappings":{"element":{"type":"string"}}}]},"dt.openpipeline.source":{"type":"string"},"user_io_wait_time":{"type":"string"},"database.type":{"type":"string"},"cluster_wait_time":{"type":"string"},"dt.entity.sql:com_dynatrace_extension_sql-oracle_instance":{"type":"string"},"dt.extension.endpoint.hints":{"type":"array","types":[{"indexRange":[0,2],"mappings":{"element":{"type":"string"}}}]},"device.port":{"type":"string"},"dt.extension.config.id":{"type":"string"},"endpoint":{"type":"string"},"event.type":{"type":"string"}}}],
"metadata": {"grail":{"canonicalQuery":"fetch logs\n| limit 10","timezone":"Z","query":"fetch logs\n| limit 10","scannedRecords":10000,"dqlVersion":"V1_0","scannedBytes":267046,"scannedDataPoints":0,"analysisTimeframe":{"start":"2025-11-14T03:28:21.420000000Z","end":"2025-11-14T05:28:21.421000000Z"},"locale":"und","executionTimeMilliseconds":18,"notifications":[],"queryId":"fc362c86-69bc-4381-a72e-470feb76ad17","sampled":false}}}}