{"state":"SUCCEEDED","progress":100,"result":{"records":[{"timestamp":"2025-11-14T04:38:55.455000000Z","content":"2025-11-14 04:38:55.4550 ERROR EC2RoleProvider Failed to connect to Systems Manager with SSM role credentials. error calling RequestManagedInstanceRoleToken: AccessDeniedException: Systems Manager's instance management role is not configured for account: 470454237733\n\tstatus code: 400, request id: 579d1b33-0249-42d1-a2f8-cb830bbdde9f","host.name":"ip-172-31-27-109.ec2.internal","loglevel":"ERROR","dt.entity.aws_availability_zone":"AWS_AVAILABILITY_ZONE-334F93507088AE03","aws.resource.id":"i-0ae86c1d6dc6fc980","log.source":"/var/log/amazon/ssm/amazon-ssm-agent.log","aws.availability_zone":"us-east-1b","status":"ERROR","process.technology":["Go"],"dt.entity.process_group":"PROCESS_GROUP-BEA6CD8766CD22D8","dt.openpipeline.pipelines":["logs:default"],"dt.process.name":"amazon-ssm-agent","dt.process_group.detected_name":"amazon-ssm-agent","dt.entity.host":"HOST-14F3BD0DDD539D5B","dt.source_entity":"PROCESS_GROUP_INSTANCE-CAE76492CB488694","aws.region":"us-east-1","dt.openpipeline.source":"oneagent","dt.entity.ec2_instance":"EC2_INSTANCE-4294880E5D4313F8","dt.entity.process_group_instance":"PROCESS_GROUP_INSTANCE-CAE76492CB488694","event.type":"LOG"},{"timestamp":"2025-11-14T04:38:55.455000000Z","content":"2025-11-14 04:38:55.4550 ERROR [RemoteRetrieve @ ec2_role_provider.go.153] EC2RoleProvider Failed to connect to Systems Manager with SSM role credentials. error calling RequestManagedInstanceRoleToken: AccessDeniedException: Systems Manager's instance management role is not configured for account: 470454237733\n\tstatus code: 400, request id: 579d1b33-0249-42d1-a2f8-cb830bbdde9f","host.name":"ip-172-31-27-109.ec2.internal","loglevel":"ERROR","dt.entity.aws_availability_zone":"AWS_AVAILABILITY_ZONE-334F93507088AE03","aws.resource.id":"i-0ae86c1d6dc6fc980","log.source":"/var/log/amazon/ssm/errors.log","aws.availability_zone":"us-east-1b","status":"ERROR","process.technology":["Go"],"dt.entity.process_group":"PROCESS_GROUP-BEA6CD8766CD22D8","dt.openpipeline.pipelines":["logs:default"],"dt.process.name":"amazon-ssm-agent","dt.process_group.detected_name":"amazon-ssm-agent","dt.entity.host":"HOST-14F3BD0DDD539D5B","dt.source_entity":"PROCESS_GROUP_INSTANCE-CAE76492CB488694","aws.region":"us-east-1","dt.openpipeline.source":"oneagent","dt.entity.ec2_instance":"EC2_INSTANCE-4294880E5D4313F8","dt.entity.process_group_instance":"PROCESS_GROUP_INSTANCE-CAE76492CB488694","event.type":"LOG"},{"timestamp":"2025-11-14T04:11:03.305300000Z","content":"2025-11-14 04:11:03.3053 ERROR EC2RoleProvider Failed to connect to Systems Manager with SSM role credentials. error calling RequestManagedInstanceRoleToken: AccessDeniedException: Systems Manager's instance management role is not configured for account: 470454237733\n\tstatus code: 400, request id: 114d7dd5-ff28-4a04-b6ca-e631b22b0635","host.name":"ip-172-31-27-109.ec2.internal","loglevel":"ERROR","dt.entity.aws_availability_zone":"AWS_AVAILABILITY_ZONE-334F93507088AE03","aws.resource.id":"i-0ae86c1d6dc6fc980","log.source":"/var/log/amazon/ssm/amazon-ssm-agent.log","aws.availability_zone":"us-east-1b","status":"ERROR","process.technology":["Go"],"dt.entity.process_group":"PROCESS_GROUP-BEA6CD8766CD22D8","dt.openpipeline.pipelines":["logs:default"],"dt.process.name":"amazon-ssm-agent","dt.process_group.detected_name":"amazon-ssm-agent","dt.entity.host":"HOST-14F3BD0DDD539D5B","dt.source_entity":"PROCESS_GROUP_INSTANCE-CAE76492CB488694","aws.region":"us-east-1","dt.openpipeline.source":"oneagent","dt.entity.ec2_instance":"EC2_INSTANCE-4294880E5D4313F8","dt.entity.process_group_instance":"PROCESS_GROUP_INSTANCE-CAE76492CB488694","event.type":"LOG"},{"timestamp":"2025-11-14T04:11:03.305300000Z","content":"2025-11-14 04:11:03.3053 ERROR [RemoteRetrieve @ ec2_role_provider.go.153] EC2RoleProvider Failed to connect to Systems Manager with SSM role credentials. error calling RequestManagedInstanceRoleToken: AccessDeniedException: Systems Manager's instance management role is not configured for account: 470454237733\n\tstatus code: 400, request id: 114d7dd5-ff28-4a04-b6ca-e631b22b0635","host.name":"ip-172-31-27-109.ec2.internal","loglevel":"ERROR","dt.entity.aws_availability_zone":"AWS_AVAILABILITY_ZONE-334F93507088AE03","aws.resource.id":"i-0ae86c1d6dc6fc980","log.source":"/var/log/amazon/ssm/errors.log","aws.availability_zone":"us-east-1b","status":"ERROR","process.technology":["Go"],"dt.entity.process_group":"PROCESS_GROUP-BEA6CD8766CD22D8","dt.openpipeline.pipelines":["logs:default"],"dt.process.name":"amazon-ssm-agent","dt.process_group.detected_name":"amazon-ssm-agent","dt.entity.host":"HOST-14F3BD0DDD539D5B","dt.source_entity":"PROCESS_GROUP_INSTANCE-CAE76492CB488694","aws.region":"us-east-1","dt.openpipeline.source":"oneagent","dt.entity.ec2_instance":"EC2_INSTANCE-4294880E5D4313F8","dt.entity.process_group_instance":"PROCESS_GROUP_INSTANCE-CAE76492CB488694","event.type":"LOG"},{"timestamp":"2025-11-14T03:43:57.253900000Z","content":"2025-11-14 03:43:57.2539 ERROR EC2RoleProvider Failed to connect to Systems Manager with SSM role credentials. error calling RequestManagedInstanceRoleToken: AccessDeniedException: Systems Manager's instance management role is not configured for account: 470454237733\n\tstatus code: 400, request id: d2f7d38a-8447-4fb5-929b-fd365094996c","host.name":"ip-172-31-27-109.ec2.internal","loglevel":"ERROR","dt.entity.aws_availability_zone":"AWS_AVAILABILITY_ZONE-334F93507088AE03","aws.resource.id":"i-0ae86c1d6dc6fc980","log.source":"/var/log/amazon/ssm/amazon-ssm-agent.log","aws.availability_zone":"us-east-1b","status":"ERROR","process.technology":["Go"],"dt.entity.process_group":"PROCESS_GROUP-BEA6CD8766CD22D8","dt.openpipeline.pipelines":["logs:default"],"dt.process.name":"amazon-ssm-agent","dt.process_group.detected_name":"amazon-ssm-agent","dt.entity.host":"HOST-14F3BD0DDD539D5B","dt.source_entity":"PROCESS_GROUP_INSTANCE-CAE76492CB488694","aws.region":"us-east-1","dt.openpipeline.source":"oneagent","dt.entity.ec2_instance":"EC2_INSTANCE-4294880E5D4313F8","dt.entity.process_group_instance":"PROCESS_GROUP_INSTANCE-CAE76492CB488694","event.type":"LOG"},{"timestamp":"2025-11-14T03:43:57.253900000Z","content":"2025-11-14 03:43:57.2539 ERROR [RemoteRetrieve @ ec2_role_provider.go.153] EC2RoleProvider Failed to connect to Systems Manager with SSM role credentials. error calling RequestManagedInstanceRoleToken: AccessDeniedException: Systems Manager's instance management role is not configured for account: 470454237733\n\tstatus code: 400, request id: d2f7d38a-8447-4fb5-929b-fd365094996c","host.name":"ip-172-31-27-109.ec2.internal","loglevel":"ERROR","dt.entity.aws_availability_zone":"AWS_AVAILABILITY_ZONE-334F93507088AE03","aws.resource.id":"i-0ae86c1d6dc6fc980","log.source":"/var/log/amazon/ssm/errors.log","aws.availability_zone":"us-east-1b","status":"ERROR","process.technology":["Go"],"dt.entity.process_group":"PROCESS_GROUP-BEA6CD8766CD22D8","dt.openpipeline.pipelines":["logs:default"],"dt.process.name":"amazon-ssm-agent","dt.process_group.detected_name":"amazon-ssm-agent","dt.entity.host":"HOST-14F3BD0DDD539D5B","dt.source_entity":"PROCESS_GROUP_INSTANCE-CAE76492CB488694","aws.region":"us-east-1","dt.openpipeline.source":"oneagent","dt.entity.ec2_instance":"EC2_INSTANCE-4294880E5D4313F8","dt.entity.process_group_instance":"PROCESS_GROUP_INSTANCE-CAE76492CB488694","event.type":"LOG"},{"timestamp":"2025-11-14T05:07:33.597000000Z","content":"2025-11-14 05:07:33.5970 ERROR EC2RoleProvider Failed to connect to Systems Manager with SSM role credentials. error calling RequestManagedInstanceRoleToken: AccessDeniedException: Systems Manager's instance management role is not configured for account: 470454237733\n\tstatus code: 400, request id: 049a17fc-2a06-40f6-963c-628148837148","host.name":"ip-172-31-27-109.ec2.internal","loglevel":"ERROR","dt.entity.aws_availability_zone":"AWS_AVAILABILITY_ZONE-334F93507088AE03","aws.resource.id":"i-0ae86c1d6dc6fc980","log.source":"/var/log/amazon/ssm/amazon-ssm-agent.log","aws.availability_zone":"us-east-1b","status":"ERROR","process.technology":["Go"],"dt.entity.process_group":"PROCESS_GROUP-BEA6CD8766CD22D8","dt.openpipeline.pipelines":["logs:default"],"dt.process.name":"amazon-ssm-agent","dt.process_group.detected_name":"amazon-ssm-agent","dt.entity.host":"HOST-14F3BD0DDD539D5B","dt.source_entity":"PROCESS_GROUP_INSTANCE-CAE76492CB488694","aws.region":"us-east-1","dt.openpipeline.source":"oneagent","dt.entity.ec2_instance":"EC2_INSTANCE-4294880E5D4313F8","dt.entity.process_group_instance":"PROCESS_GROUP_INSTANCE-CAE76492CB488694","event.type":"LOG"},{"timestamp":"2025-11-14T05:07:33.597000000Z","content":"2025-11-14 05:07:33.5970 ERROR [RemoteRetrieve @ ec2_role_provider.go.153] EC2RoleProvider Failed to connect to Systems Manager with SSM role credentials. error calling RequestManagedInstanceRoleToken: AccessDeniedException: Systems Manager's instance management role is not configured for account: 470454237733\n\tstatus code: 400, request id: 049a17fc-2a06-40f6-963c-628148837148","host.name":"ip-172-31-27-109.ec2.internal","loglevel":"ERROR","dt.entity.aws_availability_zone":"AWS_AVAILABILITY_ZONE-334F93507088AE03","aws.resource.id":"i-0ae86c1d6dc6fc980","log.source":"/var/log/amazon/ssm/errors.log","aws.availability_zone":"us-east-1b","status":"ERROR","process.technology":["Go"],"dt.entity.process_group":"PROCESS_GROUP-BEA6CD8766CD22D8","dt.openpipeline.pipelines":["logs:default"],"dt.process.name":"amazon-ssm-agent","dt.process_group.detected_name":"amazon-ssm-agent","dt.entity.host":"HOST-14F3BD0DDD539D5B","dt.source_entity":"PROCESS_GROUP_INSTANCE-CAE76492CB488694","aws.region":"us-east-1","dt.openpipeline.source":"oneagent","dt.entity.ec2_instance":"EC2_INSTANCE-4294880E5D4313F8","dt.entity.process_group_instance":"PROCESS_GROUP_INSTANCE-CAE76492CB488694","event.type":"LOG"}],"types":[{"indexRange":[0,7],"mappings":{"timestamp":{"type":"timestamp"},"content":{"type":"string"},"host.name":{"type":"string"},"loglevel":{"type":"string"},"dt.entity.aws_availability_zone":{"type":"string"},"aws.resource.id":{"type":"string"},"log.source":{"type":"string"},"aws.availability_zone":{"type":"string"},"status":{"type":"string"},"process.technology":{"type":"array","types":[{"indexRange":[0,0],"mappings":{"element":{"type":"string"}}}]},"dt.entity.process_group":{"type":"string"},"dt.openpipeline.pipelines":{"type":"array","types":[{"indexRange":[0,0],"mappings":{"element":{"type":"string"}}}]},"dt.process.name":{"type":"string"},"dt.process_group.detected_name":{"type":"string"},"dt.entity.host":{"type":"string"},"dt.source_entity":{"type":"string"},"aws.region":{"type":"string"},"dt.openpipeline.source":{"type":"string"},"dt.entity.ec2_instance":{"type":"string"},"dt.entity.process_group_instance":{"type":"string"},"event.type":{"type":"string"}}}],
"metadata": {"grail":{"canonicalQuery":"fetch logs\n| filter status == \"ERROR\"","timezone":"Z","query":"fetch logs\n| filter status==\"ERROR\"","scannedRecords":111025,"dqlVersion":"V1_0","scannedBytes":4340953,"scannedDataPoints":0,"analysisTimeframe":{"start":"2025-11-14T03:30:03.346000000Z","end":"2025-11-14T05:30:03.347000000Z"},"locale":"und","executionTimeMilliseconds":46,"notifications":[],"queryId":"9aec5cd2-854d-4505-8eda-2a15c70c9acf","sampled":false}}}}