{"nodes":[{"refId":"node_0","name":"Query#1","color":"","query":"fetch logs\n| limit 10","editedQuery":"fetch logs\n| limit 10","queryStatus":"SUCCESS","queryMetadata":{"resultSetSizeInBytes":22168,"recordCount":10,"queryExecutionTime":"2025-11-14T05:28:23.807178509Z","analysisTimeframeStart":"2025-11-14T03:28:21.420000000Z","analysisTimeframeEnd":"2025-11-14T05:28:21.421000000Z","defaultTimeframeStart":"2025-11-14T03:28:21.420Z","defaultTimeframeEnd":"2025-11-14T05:28:21.421Z"},"tableState":{"visualizationSettings":{"resultView":"table"}}},{"refId":"node_1","name":"Query#2","color":"","parentRefId":"node_0","query":"fetch logs\n| filter status==\"ERROR\"","editedQuery":"fetch logs\n| filter status==\"ERROR\"","queryStatus":"SUCCESS","queryMetadata":{"resultSetSizeInBytes":11424,"recordCount":8,"queryExecutionTime":"2025-11-14T05:30:05.720307568Z","analysisTimeframeStart":"2025-11-14T03:30:03.346000000Z","analysisTimeframeEnd":"2025-11-14T05:30:03.347000000Z","defaultTimeframeStart":"2025-11-14T03:30:03.346Z","defaultTimeframeEnd":"2025-11-14T05:30:03.347Z"},"tableState":{"visualizationSettings":{"resultView":"table"}}}]}